Nom,Photo,Fiction,Notes
@now@n,anoman.jpg (https://dl.airtable.com/.attachments/9107fd8e48ad04ceffbb702091a2feff/4f343516/anoman.jpg),"Mise à Jour, Ragtime Doggo",
Adelfleur,,La Petite Souris,
Aibonn,,Camlann,
Antoine Daniel,,Clyde Vanilla,
Antoine Rouaud,,Eden Sacrifice,
Audiodidact,,"B-56, Journal de bord",
Audiodramax,,Eden Sacrifice,
Belisair House,,HERO,
Cladall,,Frite,
Cyprien,cyprien.jpg (https://dl.airtable.com/.attachments/e3c094a76c1969544c5bbcabfb65e1d7/6824d695/cyprien.jpg),L'épopée temporelle,
Cyril Legrais,,L'Appel des abysses,
David Rampillon,,Afterlife Inc.,
DestroKhorne,,Schizein,
Draignaell,,Mise à Jour,
Engle,,As You Want.,
Erika,,"Amydale Crossing, Ânkh",
Fal,fal.jpg (https://dl.airtable.com/.attachments/764f1bb25e2870f398021c75aaba9287/61b3c815/fal.jpg),"Les Pourfendeurs, Le Chevalier Bourré, Les contes de Fitzgerald",
France Culture,,L'Appel des abysses,
François TJP,tjp.jpg (https://dl.airtable.com/.attachments/24a90f30e85584caa89b2e3db53dc515/875d9bd9/tjp.jpg),"Les Pourfendeurs, Les Aventuriers , Et la Terre éclata..., Blind Cowboy, L'Appartement, Le Vaisseau",
Fripouille,,Potion fantasque,
Gartresk,,D-Day,
Geek Forever Prod,,D-Day,
Gihellcy,,"Ânkh, Erika et les princes en détresse, Grim Reapers",
icoste,,Mes Rêves Me Parlent,
Isthun,,Kingdom Paf Uchronies,
Jakemall,,B-56,
Javras,,"Amydale Crossing, Ânkh, CA$HTING, Camlann, Cinq, Erika et les princes en détresse, Grim Reapers",
JBX,JBX.jpg (https://dl.airtable.com/.attachments/6c15772ec00d9728b772e792a6535a2b/d187bdc8/JBX.jpg),Reflets d'Acide,
Juliette Rose,,L'Appel des abysses,
Knarf,,Les Aventuriers du NHL2987 Survivaure,
La Loutre,,Hector ou les Chroniques d'un Rastronaute ,
Léotte,,Les contes de Fitzgerald,
Leto75,,Cyrano de Bergerac,
Magero,,HERO,
Mathieu Quintin,quintin.jpg (https://dl.airtable.com/.attachments/898ea04d989fff4179b129602dd3cccf/0520c016/quintin.jpg),1287,
Matt,,"La légende de Xantah, Adoprixtoxis",
MimiRyudo,,Et la Terre éclata...,
Naïade Lancieaux,,La Légende de l'Ankou,
Nico,,"La légende de Xantah, Adoprixtoxis",
ONG RAES,,Dianké,
Pen of Chaos,,Le donjon de Naheulbeuk,
Pénélope Boeuf,,Kupla,
Prich,,Journal de bord,
Ranne Madsen,,Mise à Jour,
Raoolito,,Red Universe,
Raphael Fruchard,,As You Want.,
Richoult,richoult.jpg (https://dl.airtable.com/.attachments/8953f338c6944db4071b51c7127ec7bd/0bf3ebf8/richoult.jpg),"CA$HTING, Ânkh, Erika et les princes en détresse",
Ryku,,Jencyo Rêva,
Seasons,,Afterlife Inc.,
Selkio,,Jencyo Rêva,
SilverCherry,silvercherry.jpg (https://dl.airtable.com/.attachments/885a3b7f7ce168d81d497abaa735d6f2/4cfbad5a/silvercherry.jpg),Les magiciens de Néosia,
Studio TJP,,"Blind Cowboy, Cinq, Et la Terre éclata..., L'Appartement",
Valkyria,,Le Dernier Souffle des Zéphyrs,
Victor Bonnefoy,,L'employé,
Wendöh,,Clyde Vanilla,
Zu,,Schlouss,
Zylann,,"1287, Frite",